status,product_area,response,justification,request_type,confidence
escalated,permissions,"This request involves sensitive account access, permissions, or critical operations. For security reasons, it must be handled by an authorized administrator or official support team.",Decision=escalated. The issue was classified as product_issue with medium-risk indicators requiring human intervention.,product_issue,medium
replied,assessments,I'm not able to fully understand this request. Could you please provide more details or clarify your issue?,Decision=replied. The issue could not be clearly classified into a supported category.,invalid,low
replied,payments,This appears to be a product-related issue. Please refer to the official support resources or contact the support team for further assistance.,Decision=replied. The issue is a product-related query with low-risk level that does not require escalation.,product_issue,high
replied,hackerrank,I'm not able to fully understand this request. Could you please provide more details or clarify your issue?,Decision=replied. The issue could not be clearly classified into a supported category.,invalid,low
replied,payments,This appears to be a product-related issue. Please refer to the official support resources or contact the support team for further assistance.,Decision=replied. The issue is a product-related query with low-risk level that does not require escalation.,product_issue,high
replied,hackerrank,I'm not able to fully understand this request. Could you please provide more details or clarify your issue?,Decision=replied. The issue could not be clearly classified into a supported category.,invalid,low
replied,hackerrank,I'm not able to fully understand this request. Could you please provide more details or clarify your issue?,Decision=replied. The issue could not be clearly classified into a supported category.,invalid,low
replied,hackerrank,I'm not able to fully understand this request. Could you please provide more details or clarify your issue?,Decision=replied. The issue could not be clearly classified into a supported category.,invalid,low
replied,assessments,"I'm here to help you with your issue on HackerRank.

Thank you for providing an overview of the problem you're experiencing. It sounds like you're encountering an issue with the compatibility check, specifically with Zoom connectivity, which is preventing you from taking the test. You've already tried adjusting your settings and system configurations to no avail.

To better assist you, can you please provide more details about the error message you're receiving when you attempt to take the test? For example, what specifically does the error message say?

Additionally, are there any specific system requirements or Zoom settings that you've checked and met, according to the HackerRank guidelines?

Please provide any helpful information you can share, and we'll go from there.

Once I have a clearer understanding of your situation, I can offer suggestions for next steps to help you resolve this issue.",Decision=replied. The issue is classified as bug with low-risk level and is safe for automated handling.,bug,high
replied,assessments,I'm not able to fully understand this request. Could you please provide more details or clarify your issue?,Decision=replied. The issue could not be clearly classified into a supported category.,invalid,low
replied,hackerrank,I'm not able to fully understand this request. Could you please provide more details or clarify your issue?,Decision=replied. The issue could not be clearly classified into a supported category.,invalid,low
replied,nan,I'm not able to fully understand this request. Could you please provide more details or clarify your issue?,Decision=replied. The issue could not be clearly classified into a supported category.,invalid,low
replied,hackerrank,I'm not able to fully understand this request. Could you please provide more details or clarify your issue?,Decision=replied. The issue could not be clearly classified into a supported category.,invalid,low
replied,hackerrank,I'm not able to fully understand this request. Could you please provide more details or clarify your issue?,Decision=replied. The issue could not be clearly classified into a supported category.,invalid,low
replied,claude,I'm not able to fully understand this request. Could you please provide more details or clarify your issue?,Decision=replied. The issue could not be clearly classified into a supported category.,invalid,low
replied,visa,I'm not able to fully understand this request. Could you please provide more details or clarify your issue?,Decision=replied. The issue could not be clearly classified into a supported category.,invalid,low
replied,hackerrank,I'm not able to fully understand this request. Could you please provide more details or clarify your issue?,Decision=replied. The issue could not be clearly classified into a supported category.,invalid,low
replied,assessments,I'm not able to fully understand this request. Could you please provide more details or clarify your issue?,Decision=replied. The issue could not be clearly classified into a supported category.,invalid,low
replied,visa,I'm not able to fully understand this request. Could you please provide more details or clarify your issue?,Decision=replied. The issue could not be clearly classified into a supported category.,invalid,low
replied,claude,I'm not able to fully understand this request. Could you please provide more details or clarify your issue?,Decision=replied. The issue could not be clearly classified into a supported category.,invalid,low
replied,claude,I'm not able to fully understand this request. Could you please provide more details or clarify your issue?,Decision=replied. The issue could not be clearly classified into a supported category.,invalid,low
replied,visa,I'm not able to fully understand this request. Could you please provide more details or clarify your issue?,Decision=replied. The issue could not be clearly classified into a supported category.,invalid,low
replied,claude,I'm not able to fully understand this request. Could you please provide more details or clarify your issue?,Decision=replied. The issue could not be clearly classified into a supported category.,invalid,low
replied,nan,I'm not able to fully understand this request. Could you please provide more details or clarify your issue?,Decision=replied. The issue could not be clearly classified into a supported category.,invalid,low
replied,visa,I'm not able to fully understand this request. Could you please provide more details or clarify your issue?,Decision=replied. The issue could not be clearly classified into a supported category.,invalid,low
replied,claude,I'm not able to fully understand this request. Could you please provide more details or clarify your issue?,Decision=replied. The issue could not be clearly classified into a supported category.,invalid,low
escalated,account_access,"This request involves sensitive account access, permissions, or critical operations. For security reasons, it must be handled by an authorized administrator or official support team.",Decision=escalated. The issue was classified as product_issue with medium-risk indicators requiring human intervention.,product_issue,medium
replied,claude,I'm not able to fully understand this request. Could you please provide more details or clarify your issue?,Decision=replied. The issue could not be clearly classified into a supported category.,invalid,low
replied,visa,I'm not able to fully understand this request. Could you please provide more details or clarify your issue?,Decision=replied. The issue could not be clearly classified into a supported category.,invalid,low
